,Numpy,Numba,Cython,f2py,Fortran,C++
NBody,11972.018599510193,27.74418067932129,52.946773529052734,34.46065402030945,34.0159988,51.6371
NBody relative to fastest,431.51458455,1.0,1.90839203871,1.24208584202,1.22605886954,1.86118669702
Hermite Integral,469.5087432861328,22.01705813407898,225.17181158065796,16.543256759643555,7.44199991,10.7447
Hermite Integral relative to fastest,63.0890552223,2.95848675092,30.2568952303,2.22295847349,1.0,1.44379200886
