,Numpy,Numba,Cython,f2py,Fortran,C++
NBody per step,10.389928340911865,0.026641131937503816,0.049505065679550174,0.031608313620090485,0.0308212489,0.0483563
NBody relative to fastest,389.995754133,1.0,1.85821930523,1.18644784667,1.15690463049,1.81509930259
