,Numpy,Numba,Cython,f2py,Fortran,C++
NBody per step,11.58561372756958,0.028669466078281403,0.05397564589977264,0.03460305869579315,0.0334050022,0.0522103
NBody relative to fastest,404.109853177,1.0,1.88268751683,1.20696557799,1.16517699035,1.82111169624
